{"cameraMode":{"drawMode":0,"name":"Shaded","section":"Shading Mode"},"sceneLighting":true,"audioPlay":false,"sceneViewState":{"showFog":true,"showMaterialUpdate":false,"showSkybox":true,"showFlares":true,"showImageEffects":true,"showParticleSystems":true},"in2DMode":false,"pivot":{"x":7.734378814697266,"y":-39.16614532470703,"z":164.9866485595703},"rotation":{"x":0.11901015788316727,"y":0.019839493557810785,"z":-0.0024398795794695617,"w":0.9927631616592407},"size":87.09146118164063,"orthographic":false}